Datetime,Water Level (m)
2025-08-09 18:00:00,1.2011869
2025-08-09 19:00:00,1.3309882
2025-08-09 20:00:00,1.34222
2025-08-09 21:00:00,1.2153964
2025-08-09 22:00:00,0.83700854
2025-08-09 23:00:00,0.4328891
2025-08-10 00:00:00,0.064554
2025-08-10 01:00:00,-0.32513008
2025-08-10 02:00:00,-0.64977264
2025-08-10 03:00:00,-0.8401889
2025-08-10 04:00:00,-0.15304157
2025-08-10 05:00:00,0.9643554
2025-08-10 06:00:00,1.5214213
2025-08-10 07:00:00,1.8453999
2025-08-10 08:00:00,1.9857974
2025-08-10 09:00:00,1.8702667
2025-08-10 10:00:00,1.3888034
2025-08-10 11:00:00,0.90956324
2025-08-10 12:00:00,0.4767419
2025-08-10 13:00:00,0.03158924
2025-08-10 14:00:00,-0.37273294
2025-08-10 15:00:00,-0.6733829
2025-08-10 16:00:00,-0.7410638
2025-08-10 17:00:00,0.34881592
2025-08-10 18:00:00,1.1920552
2025-08-10 19:00:00,1.5518388
2025-08-10 20:00:00,1.6954645
2025-08-10 21:00:00,1.669243
2025-08-10 22:00:00,1.3349053
2025-08-10 23:00:00,0.8467918
2025-08-11 00:00:00,0.42853087
2025-08-11 01:00:00,0.008037582
2025-08-11 02:00:00,-0.36997288
2025-08-11 03:00:00,-0.64366126
2025-08-11 04:00:00,-0.7169021
2025-08-11 05:00:00,0.45023426
2025-08-11 06:00:00,1.3235955
2025-08-11 07:00:00,1.7666172
2025-08-11 08:00:00,2.01477
2025-08-11 09:00:00,2.085051
2025-08-11 10:00:00,1.7822741
2025-08-11 11:00:00,1.2658596
2025-08-11 12:00:00,0.8025389
2025-08-11 13:00:00,0.3440824
2025-08-11 14:00:00,-0.10110071
2025-08-11 15:00:00,-0.45311445
2025-08-11 16:00:00,-0.69537956
2025-08-11 17:00:00,-0.442524
2025-08-11 18:00:00,0.84166366
2025-08-11 19:00:00,1.4843
2025-08-11 20:00:00,1.748457
2025-08-11 21:00:00,1.8307173
2025-08-11 22:00:00,1.7129651
2025-08-11 23:00:00,1.2551277
2025-08-12 00:00:00,0.8064336
2025-08-12 01:00:00,0.38929942
2025-08-12 02:00:00,-0.032250684
2025-08-12 03:00:00,-0.38511667
2025-08-12 04:00:00,-0.62885773
2025-08-12 05:00:00,-0.51227415
2025-08-12 06:00:00,0.81874895
2025-08-12 07:00:00,1.5620266
2025-08-12 08:00:00,1.9304852
2025-08-12 09:00:00,2.088875
2025-08-12 10:00:00,2.0074441
2025-08-12 11:00:00,1.5500515
2025-08-12 12:00:00,1.0689604
2025-08-12 13:00:00,0.61655027
2025-08-12 14:00:00,0.16999197
2025-08-12 15:00:00,-0.23715554
2025-08-12 16:00:00,-0.54332674
2025-08-12 17:00:00,-0.71125084
2025-08-12 18:00:00,0.16075149
2025-08-12 19:00:00,1.1786945
2025-08-12 20:00:00,1.6520956
2025-08-12 21:00:00,1.84345
2025-08-12 22:00:00,1.8794341
2025-08-12 23:00:00,1.6255308
2025-08-13 00:00:00,1.1388525
2025-08-13 01:00:00,0.7115037
2025-08-13 02:00:00,0.28398672
2025-08-13 03:00:00,-0.11517504
2025-08-13 04:00:00,-0.43294322
2025-08-13 05:00:00,-0.61727667
2025-08-13 06:00:00,0.08676379
2025-08-13 07:00:00,1.1697298
2025-08-13 08:00:00,1.7021139
2025-08-13 09:00:00,1.950295
2025-08-13 10:00:00,2.0475216
2025-08-13 11:00:00,1.859187
2025-08-13 12:00:00,1.3700066
2025-08-13 13:00:00,0.9169425
2025-08-13 14:00:00,0.46578845
2025-08-13 15:00:00,0.032366134
2025-08-13 16:00:00,-0.33488196
2025-08-13 17:00:00,-0.61842406
2025-08-13 18:00:00,-0.5552275
2025-08-13 19:00:00,0.6741772
2025-08-13 20:00:00,1.3989127
2025-08-13 21:00:00,1.7412127
2025-08-13 22:00:00,1.8848821
2025-08-13 23:00:00,1.8799275
2025-08-14 00:00:00,1.5263865
2025-08-14 01:00:00,1.0803645
2025-08-14 02:00:00,0.67267317
2025-08-14 03:00:00,0.25785592
2025-08-14 04:00:00,-0.110860884
2025-08-14 05:00:00,-0.3926661
2025-08-14 06:00:00,-0.41703743
2025-08-14 07:00:00,0.61610407
2025-08-14 08:00:00,1.4145361
2025-08-14 09:00:00,1.8080579
2025-08-14 10:00:00,1.9679636
2025-08-14 11:00:00,1.9851406
2025-08-14 12:00:00,1.6877556
2025-08-14 13:00:00,1.2399639
2025-08-14 14:00:00,0.8362274
2025-08-14 15:00:00,0.42586017
2025-08-14 16:00:00,0.048296496
2025-08-14 17:00:00,-0.25839624
2025-08-14 18:00:00,-0.42586005
2025-08-14 19:00:00,0.15554956
2025-08-14 20:00:00,1.1265973
2025-08-14 21:00:00,1.6372772
2025-08-14 22:00:00,1.908237
2025-08-14 23:00:00,2.0690107
2025-08-15 00:00:00,2.0029237
2025-08-15 01:00:00,1.6111702
2025-08-15 02:00:00,1.2062551
2025-08-15 03:00:00,0.8074779
2025-08-15 04:00:00,0.42188355
2025-08-15 05:00:00,0.08631732
2025-08-15 06:00:00,-0.15341337
2025-08-15 07:00:00,-0.04680765
2025-08-15 08:00:00,0.8746072
2025-08-15 09:00:00,1.4704536
2025-08-15 10:00:00,1.7471169
2025-08-15 11:00:00,1.8684058
2025-08-15 12:00:00,1.8666395
2025-08-15 13:00:00,1.552615
2025-08-15 14:00:00,1.1591047
2025-08-15 15:00:00,0.7847216
2025-08-15 16:00:00,0.402958
2025-08-15 17:00:00,0.06571315
2025-08-15 18:00:00,-0.19723405
